[
  {
    "name": "Seoul",
    "country": "KR",
    "lat": 37.5665,
    "lon": 126.978
  },
  {
    "name": "Busan",
    "country": "KR",
    "lat": 35.1796,
    "lon": 129.0756
  },
  {
    "name": "Incheon",
    "country": "KR",
    "lat": 37.4563,
    "lon": 126.7052
  },
  {
    "name": "Daegu",
    "country": "KR",
    "lat": 35.8722,
    "lon": 128.6025
  },
  {
    "name": "Daejeon",
    "country": "KR",
    "lat": 36.3504,
    "lon": 127.3845
  },
  {
    "name": "Gwangju",
    "country": "KR",
    "lat": 35.1595,
    "lon": 126.8526
  },
  {
    "name": "Ulsan",
    "country": "KR",
    "lat": 35.5384,
    "lon": 129.3114
  },
  {
    "name": "Sejong",
    "country": "KR",
    "lat": 36.48,
    "lon": 127.289
  },
  {
    "name": "Suwon",
    "country": "KR",
    "lat": 37.2636,
    "lon": 127.0286
  },
  {
    "name": "Yongin",
    "country": "KR",
    "lat": 37.2411,
    "lon": 127.1776
  },
  {
    "name": "Goyang",
    "country": "KR",
    "lat": 37.6584,
    "lon": 126.832
  },
  {
    "name": "Seongnam",
    "country": "KR",
    "lat": 37.42,
    "lon": 127.126
  },
  {
    "name": "Anyang",
    "country": "KR",
    "lat": 37.3943,
    "lon": 126.9568
  },
  {
    "name": "Bucheon",
    "country": "KR",
    "lat": 37.5034,
    "lon": 126.766
  },
  {
    "name": "Hwaseong",
    "country": "KR",
    "lat": 37.1996,
    "lon": 126.8313
  },
  {
    "name": "Namyangju",
    "country": "KR",
    "lat": 37.636,
    "lon": 127.214
  },
  {
    "name": "Pyeongtaek",
    "country": "KR",
    "lat": 36.9907,
    "lon": 127.085
  },
  {
    "name": "Gimpo",
    "country": "KR",
    "lat": 37.6176,
    "lon": 126.7148
  },
  {
    "name": "Gwangmyeong",
    "country": "KR",
    "lat": 37.4787,
    "lon": 126.8644
  },
  {
    "name": "Siheung",
    "country": "KR",
    "lat": 37.38,
    "lon": 126.802
  },
  {
    "name": "Jeju-si",
    "country": "KR",
    "lat": 33.4996,
    "lon": 126.5312
  },
  {
    "name": "Cheongju",
    "country": "KR",
    "lat": 36.6424,
    "lon": 127.489
  },
  {
    "name": "Chuncheon",
    "country": "KR",
    "lat": 37.8813,
    "lon": 127.7298
  },
  {
    "name": "Wonju",
    "country": "KR",
    "lat": 37.3417,
    "lon": 127.9202
  },
  {
    "name": "Gangneung",
    "country": "KR",
    "lat": 37.7519,
    "lon": 128.8761
  },
  {
    "name": "Jeonju",
    "country": "KR",
    "lat": 35.846,
    "lon": 127.1297
  },
  {
    "name": "Mokpo",
    "country": "KR",
    "lat": 34.8118,
    "lon": 126.3922
  },
  {
    "name": "Pohang",
    "country": "KR",
    "lat": 36.019,
    "lon": 129.3435
  },
  {
    "name": "Gumi",
    "country": "KR",
    "lat": 36.1195,
    "lon": 128.3446
  },
  {
    "name": "Changwon",
    "country": "KR",
    "lat": 35.228,
    "lon": 128.681
  },
  {
    "name": "Jinju",
    "country": "KR",
    "lat": 35.1799,
    "lon": 128.1076
  },
  {
    "name": "Tokyo",
    "country": "JP",
    "lat": 35.6895,
    "lon": 139.6917
  },
  {
    "name": "Osaka",
    "country": "JP",
    "lat": 34.6937,
    "lon": 135.5023
  },
  {
    "name": "Yokohama",
    "country": "JP",
    "lat": 35.4437,
    "lon": 139.638
  },
  {
    "name": "Nagoya",
    "country": "JP",
    "lat": 35.1815,
    "lon": 136.9066
  },
  {
    "name": "Sapporo",
    "country": "JP",
    "lat": 43.0621,
    "lon": 141.3544
  },
  {
    "name": "Fukuoka",
    "country": "JP",
    "lat": 33.5904,
    "lon": 130.4017
  },
  {
    "name": "Beijing",
    "country": "CN",
    "lat": 39.9042,
    "lon": 116.4074
  },
  {
    "name": "Shanghai",
    "country": "CN",
    "lat": 31.2304,
    "lon": 121.4737
  },
  {
    "name": "Guangzhou",
    "country": "CN",
    "lat": 23.1291,
    "lon": 113.2644
  },
  {
    "name": "Shenzhen",
    "country": "CN",
    "lat": 22.5431,
    "lon": 114.0579
  },
  {
    "name": "Hong Kong",
    "country": "HK",
    "lat": 22.3193,
    "lon": 114.1694
  },
  {
    "name": "Taipei",
    "country": "TW",
    "lat": 25.033,
    "lon": 121.5654
  },
  {
    "name": "Singapore",
    "country": "SG",
    "lat": 1.3521,
    "lon": 103.8198
  },
  {
    "name": "Bangkok",
    "country": "TH",
    "lat": 13.7563,
    "lon": 100.5018
  },
  {
    "name": "Kuala Lumpur",
    "country": "MY",
    "lat": 3.139,
    "lon": 101.6869
  },
  {
    "name": "Hanoi",
    "country": "VN",
    "lat": 21.0278,
    "lon": 105.8342
  },
  {
    "name": "Ho Chi Minh City",
    "country": "VN",
    "lat": 10.8231,
    "lon": 106.6297
  },
  {
    "name": "Manila",
    "country": "PH",
    "lat": 14.5995,
    "lon": 120.9842
  },
  {
    "name": "Jakarta",
    "country": "ID",
    "lat": -6.2088,
    "lon": 106.8456
  },
  {
    "name": "Delhi",
    "country": "IN",
    "lat": 28.6139,
    "lon": 77.209
  },
  {
    "name": "Mumbai",
    "country": "IN",
    "lat": 19.076,
    "lon": 72.8777
  },
  {
    "name": "Bangalore",
    "country": "IN",
    "lat": 12.9716,
    "lon": 77.5946
  },
  {
    "name": "Dubai",
    "country": "AE",
    "lat": 25.2048,
    "lon": 55.2708
  },
  {
    "name": "Riyadh",
    "country": "SA",
    "lat": 24.7136,
    "lon": 46.6753
  },
  {
    "name": "Istanbul",
    "country": "TR",
    "lat": 41.0082,
    "lon": 28.9784
  },
  {
    "name": "Tehran",
    "country": "IR",
    "lat": 35.6892,
    "lon": 51.389
  },
  {
    "name": "Cairo",
    "country": "EG",
    "lat": 30.0444,
    "lon": 31.2357
  },
  {
    "name": "Lagos",
    "country": "NG",
    "lat": 6.5244,
    "lon": 3.3792
  },
  {
    "name": "Nairobi",
    "country": "KE",
    "lat": -1.2921,
    "lon": 36.8219
  },
  {
    "name": "Johannesburg",
    "country": "ZA",
    "lat": -26.2041,
    "lon": 28.0473
  },
  {
    "name": "Cape Town",
    "country": "ZA",
    "lat": -33.9249,
    "lon": 18.4241
  },
  {
    "name": "London",
    "country": "GB",
    "lat": 51.5074,
    "lon": -0.1278
  },
  {
    "name": "Paris",
    "country": "FR",
    "lat": 48.8566,
    "lon": 2.3522
  },
  {
    "name": "Berlin",
    "country": "DE",
    "lat": 52.52,
    "lon": 13.405
  },
  {
    "name": "Rome",
    "country": "IT",
    "lat": 41.9028,
    "lon": 12.4964
  },
  {
    "name": "Madrid",
    "country": "ES",
    "lat": 40.4168,
    "lon": -3.7038
  },
  {
    "name": "Barcelona",
    "country": "ES",
    "lat": 41.3851,
    "lon": 2.1734
  },
  {
    "name": "Amsterdam",
    "country": "NL",
    "lat": 52.3676,
    "lon": 4.9041
  },
  {
    "name": "Brussels",
    "country": "BE",
    "lat": 50.8503,
    "lon": 4.3517
  },
  {
    "name": "Vienna",
    "country": "AT",
    "lat": 48.2082,
    "lon": 16.3738
  },
  {
    "name": "Prague",
    "country": "CZ",
    "lat": 50.0755,
    "lon": 14.4378
  },
  {
    "name": "Warsaw",
    "country": "PL",
    "lat": 52.2297,
    "lon": 21.0122
  },
  {
    "name": "Moscow",
    "country": "RU",
    "lat": 55.7558,
    "lon": 37.6173
  },
  {
    "name": "New York",
    "country": "US",
    "lat": 40.7128,
    "lon": -74.006
  },
  {
    "name": "Los Angeles",
    "country": "US",
    "lat": 34.0522,
    "lon": -118.2437
  },
  {
    "name": "Chicago",
    "country": "US",
    "lat": 41.8781,
    "lon": -87.6298
  },
  {
    "name": "San Francisco",
    "country": "US",
    "lat": 37.7749,
    "lon": -122.4194
  },
  {
    "name": "Houston",
    "country": "US",
    "lat": 29.7604,
    "lon": -95.3698
  },
  {
    "name": "Seattle",
    "country": "US",
    "lat": 47.6062,
    "lon": -122.3321
  },
  {
    "name": "Toronto",
    "country": "CA",
    "lat": 43.6532,
    "lon": -79.3832
  },
  {
    "name": "Vancouver",
    "country": "CA",
    "lat": 49.2827,
    "lon": -123.1207
  },
  {
    "name": "Montreal",
    "country": "CA",
    "lat": 45.5017,
    "lon": -73.5673
  },
  {
    "name": "Mexico City",
    "country": "MX",
    "lat": 19.4326,
    "lon": -99.1332
  },
  {
    "name": "São Paulo",
    "country": "BR",
    "lat": -23.5558,
    "lon": -46.6396
  },
  {
    "name": "Rio de Janeiro",
    "country": "BR",
    "lat": -22.9068,
    "lon": -43.1729
  },
  {
    "name": "Buenos Aires",
    "country": "AR",
    "lat": -34.6037,
    "lon": -58.3816
  },
  {
    "name": "Lima",
    "country": "PE",
    "lat": -12.0464,
    "lon": -77.0428
  },
  {
    "name": "Santiago",
    "country": "CL",
    "lat": -33.4489,
    "lon": -70.6693
  },
  {
    "name": "Sydney",
    "country": "AU",
    "lat": -33.8688,
    "lon": 151.2093
  },
  {
    "name": "Melbourne",
    "country": "AU",
    "lat": -37.8136,
    "lon": 144.9631
  },
  {
    "name": "Brisbane",
    "country": "AU",
    "lat": -27.4698,
    "lon": 153.0251
  },
  {
    "name": "Perth",
    "country": "AU",
    "lat": -31.9523,
    "lon": 115.8613
  },
  {
    "name": "Auckland",
    "country": "NZ",
    "lat": -36.8485,
    "lon": 174.7633
  },
  {
    "name": "Greece",
    "country": "AE",
    "lat": 25.22360245,
    "lon": 55.166901123705145
  }
]